Dose Rate (mGy/min),Ion Chamber Counts
50,482.5
101,492.3076923
141,500
180,507.5
282,527.1153846
